Source,Target,Date
Chap-Book,Albion,1896
BradleyHisBook,AltarBook,1896
BradleyHisBook,AltarBook,1896
BradleyHisBook,AltarBook,1896
Whims,AmericanArtJournal,1896
Whims,AmericanArtJournal,1896
Whims,AmericanArtJournal,1896
Whims,AmericanArtJournal,1896
Whims,AmericanArtJournal,1896
PJdeR,AmericanJouranlofInsanity,1896
PJdeR,AmericanJouranlofInsanity,1896
Chips,AmericanMagazineExchange,1895
Chips,AmericanMagazineExchange,1895
Chap-Book,Anthropophagian,1895
Lark,Anthropophagian,1896
PJdeR,Anthropophagian,1896
PJdeR,Anthropophagian,1896
QuartierLatin,Anti-Philistine,1897
Philosopher,AntiPhilistine,1897
Criterion,Apologist,1897
Philistine,Arena,1895
Philistine,Arena,1895
Vogue,Argonaut,1895
Wave,Argonaut,1896
Chips,ArtInterchange,1896
QuartierLatin,ArtInterchange,1896
Bibelot,ArtStudent,1895
Chips,ArtStudent,1895
Chips,ArtStudent,1895
Chips,ArtStudent,1895
Chips,ArtStudent,1895
Chips,ArtStudent,1895
Chips,ArtStudent,1896
YellowBook,AssociatedPress,1895
Chap-Book,Atheneum,1896
Chap-Book,Atheneum,1896
Footlights,AtlantaConstitution,1896
Lotus,Atlantic,1896
Philistine,Atlantic,1895
Philistine,Atlantic,1895
Philistine,Atlantic,1896
Philistine,Atlantic,1897
Chap-Book,AtlanticMonthly,1896
Chap-Book,AtlanticMonthly,1896
Chap-Book,AtlanticMonthly,1897
Chap-Book,AtlanticMonthly,1897
Chap-Book,AtlanticMonthly,1897
Footlights,AtlanticMonthly,1896
John-a-Dreams,AtlanticMonthly,1897
QuartierLatin,AtlanticMonthly,1897
PJdeR,Babyland,1896
Bibelot,BachelorofArts,1895
Chips,BachelorofArts,1896
Echo,BachelorofArts,1896
Philistine,BachelorofArts,1895
Philistine,BachelorofArts,1897
PJdeR,BachelorofArts,1896
Whims,BachelorofArts,1896
Footlights,BaltimoreAmerican,1896
Footlights,BaltimoreAmerican,1896
Philistine,Baseburner,1895
Philistine,Basis,1895
Philistine,Basis,1895
Philistine,Basis,1895
Philistine,Basis,1895
FlyLeaf,Bauble,1896
Lotus,Bauble,1895
Philistine,Bauble,1897
Philistine,Bauble,1897
PJdeR,Bauble,1896
PJdeR,Bauble,1896
QuartierLatin,BelfastNewsLetter,1897
Anti-Philistine,Bibelot,1897
Anti-Philistine,Bibelot,1897
Bauble,Bibelot,1895
Bauble,Bibelot,1895
Chap-Book,Bibelot,1895
Chap-Book,Bibelot,1895
Chap-Book,Bibelot,1895
Chap-Book,Bibelot,1895
Chips,Bibelot,1895
Echo,Bibelot,1895
FlyLeaf,Bibelot,1895
FlyLeaf,Bibelot,1895
FlyLeaf,Bibelot,1895
FlyLeaf,Bibelot,1896
FlyLeaf,Bibelot,1896
FlyLeaf,Bibelot,1896
FlyLeaf,Bibelot,1896
Footlights,Bibelot,1896
Lark,Bibelot,1896
Lotus,Bibelot,1895
Lotus,Bibelot,1895
Lotus,Bibelot,1895
Lotus,Bibelot,1895
Lotus,Bibelot,1895
Lotus,Bibelot,1895
Lotus,Bibelot,1896
Lotus,Bibelot,1896
Philistine,Bibelot,1895
Philistine,Bibelot,1895
Philistine,Bibelot,1896
PJdeR,Bibelot,1896
PJdeR,Bibelot,1896
PJdeR,Bibelot,1896
QuartierLatin,Bibelot,1896
QuartierLatin,BirminghamPost,1896
Wave,BlackandWhite,1896
FlyLeaf,BlackBook,1896
Lotus,BlackBook,1895
Lotus,BlackBook,1895
Lotus,BlackBook,1895
Lotus,BlackBook,1895
Lotus,BlackBook,1895
Lotus,BlackBook,1895
Lotus,BlackBook,1895
Lotus,BlackBook,1895
Lotus,BlackBook,1895
Lotus,BlackBook,1896
Lotus,BlackBook,1896
Lotus,BlackBook,1896
Lotus,BlackBook,1896
Bauble,BlackCat,1895
Chap-Book,BlackCat,1896
John-a-Dreams,BlackCat,1897
Lark,BlackCat,1896
Lotus,BlackCat,1896
Wave,BlackCat,1896
Wave,BlackwoodsMagazine,1896
Philistine,Bloxams,1896
Lotus,Bohemian,1895
Lotus,BookBuyer,1896
Bauble,Bookman,1897
Bibelot,Bookman,1895
Bibelot,Bookman,1896
Bibelot,Bookman,1896
Bibelot,Bookman,1896
Bibelot,Bookman,1896
Bibelot,Bookman,1896
Bibelot,Bookman,1896
Bibelot,Bookman,1896
Bibelot,Bookman,1896
Chap-Book,Bookman,1895
Chap-Book,Bookman,1896
Chap-Book,Bookman,1897
Chap-Book,Bookman,1897
Chap-Book,Bookman,1897
Chap-Book,Bookman,1897
Chap-Book,Bookman,1897
Chap-Book,Bookman,1897
Chap-Book,Bookman,1897
Chips,Bookman,1895
ClackBook,Bookman,1896
Criterion,Bookman,1897
Criterion,Bookman,1897
Echo,Bookman,1896
Footlights,Bookman,1896
John-a-Dreams,Bookman,1896
John-a-Dreams,Bookman,1897
Lotus,Bookman,1895
Lotus,Bookman,1895
Lotus,Bookman,1895
Lotus,Bookman,1895
Lotus,Bookman,1895
Lotus,Bookman,1896
Lotus,Bookman,1896
Lotus,Bookman,1896
Lotus,Bookman,1896
Lotus,Bookman,1896
Philistine,Bookman,1896
Philistine,Bookman,1896
Philistine,Bookman,1897
PJdeR,Bookman,1896
Symposium,Bookman,1896
Vogue,Bookman,1895
Wave,Bookman,1896
Wave,Bookman,1896
Wave,Bookman,1896
Wave,Bookman,1896
Philistine,Bookmans,1896
Philistine,Bookmans,1896
Lotus,BookNews,1896
Chap-Book,Bookseller,1897
YellowBook,BookWorld,1895
Lark,BookWorm,1896
Lark,BostonEveningJournal,1895
BradleyHisBook,BostonGlobe,1896
Chap-Book,BostonGlobe,1897
Bibelot,BostonHerald,1896
Bibelot,BostonHerald,1896
Bibelot,BostonHerald,1896
Bibelot,BostonJournal,1896
Criterion,BostonJournal,1897
Lark,BostonJournal,1895
Philistine,BostonPost,1897
Footlights,BostonTimes,1896
Bibelot,BostonTranscript,1896
PJdeR,BoysofNewYork,1896
Chap-Book,BradleyHisBook,1896
ClackBook,BradleyHisBook,1896
Criterion,BradleyHisBook,1897
Echo,BradleyHisBook,1896
Chap-Book,BritishWeekly,1897
Chap-Book,BritishWeekly,1897
Chap-Book,BroadwayJournal,1896
Footlights,BrooklynCitizen,1896
John-a-Dreams,BrooklynEagle,1897
Bauble,Brownie,1897
Philistine,BuffaloCommercial,1895
Footlights,BuffaloCourier,1896
Philistine,BuffaloCourier,1896
Philistine,BuffaloExpress,1895
Philistine,BuffaloExpress,1896
Philistine,BuffaloNews,1896
Footlights,BuffaloSundayTimes,1896
Footlights,Bulletin,1896
Wave,Bulletin,1896
PJdeR,ButchersAdvocate,1896
Echo,Butterfly,1895
Wave,Call,1896
Wave,Call,1896
FlyLeaf,Capital,1895
BradleyHisBook,Century,1896
BradleyHisBook,Century,1897
BradleyHisBook,Century,1897
Chap-Book,Century,1896
Chap-Book,Century,1897
Chap-Book,Century,1897
ClackBook,Century,1897
Criterion,Century,1897
Criterion,Century,1897
Echo,Century,1896
Echo,Century,1896
FlyLeaf,Century,1896
John-a-Dreams,Century,1896
Lotus,Century,1895
Lotus,Century,1896
Lotus,Century,1896
Lotus,Century,1896
Lotus,Century,1896
Lotus,Century,1896
Lotus,Century,1896
Lotus,Century,1896
MlleNY,Century,1895
Philistine,Century,1895
Philistine,Century,1895
Philistine,Century,1895
Philistine,Century,1895
Philistine,Century,1896
Philistine,Century,1896
Philistine,Century,1896
Symposium,Century,1896
Vogue,Century,1895
Wave,Century,1896
Whims,Century,1896
Chap-Book,Chameleon,1895
Anti-Philistine,Chap-Book,1897
Anti-Philistine,Chap-Book,1897
Anti-Philistine,Chap-Book,1897
Anti-Philistine,Chap-Book,1897
Anti-Philistine,Chap-Book,1897
Bauble,Chap-Book,1895
Bauble,Chap-Book,1895
Bauble,Chap-Book,1895
Bibelot,Chap-Book,1896
Bibelot,Chap-Book,1897
BradleyHisBook,Chap-Book,1896
BradleyHisBook,Chap-Book,1897
Chips,Chap-Book,1895
Chips,Chap-Book,1895
Chips,Chap-Book,1895
ClackBook,Chap-Book,1896
ClackBook,Chap-Book,1896
ClackBook,Chap-Book,1897
Criterion,Chap-Book,1897
Criterion,Chap-Book,1897
Echo,Chap-Book,1896
Echo,Chap-Book,1896
Echo,Chap-Book,1896
Echo,Chap-Book,1896
Echo,Chap-Book,1897
Echo,Chap-Book,1897
Echo,Chap-Book,1897
FlyLeaf,Chap-Book,1895
FlyLeaf,Chap-Book,1895
FlyLeaf,Chap-Book,1896
FlyLeaf,Chap-Book,1896
Footlights,Chap-Book,1896
Lark,Chap-Book,1895
Lark,Chap-Book,1895
Lark,Chap-Book,1895
Lark,Chap-Book,1896
Lark,Chap-Book,1896
Lark,Chap-Book,1896
Lark,Chap-Book,1896
Lotus,Chap-Book,1895
Lotus,Chap-Book,1895
Lotus,Chap-Book,1895
Lotus,Chap-Book,1895
Lotus,Chap-Book,1895
Lotus,Chap-Book,1895
Lotus,Chap-Book,1895
Lotus,Chap-Book,1895
Lotus,Chap-Book,1896
Lotus,Chap-Book,1896
Lotus,Chap-Book,1896
Lotus,Chap-Book,1896
Lotus,Chap-Book,1896
Lotus,Chap-Book,1896
Lotus,Chap-Book,1896
Lotus,Chap-Book,1896
Lotus,Chap-Book,1896
Lotus,Chap-Book,1896
Lotus,Chap-Book,1896
Philistine,Chap-Book,1895
Philistine,Chap-Book,1895
Philistine,Chap-Book,1895
Philistine,Chap-Book,1895
Philistine,Chap-Book,1895
Philistine,Chap-Book,1896
Philistine,Chap-Book,1896
Philistine,Chap-Book,1896
Philistine,Chap-Book,1896
Philistine,Chap-Book,1896
Philistine,Chap-Book,1896
Philistine,Chap-Book,1896
Philistine,Chap-Book,1897
Philistine,Chap-Book,1897
Philistine,Chap-Book,1897
Philistine,Chap-Book,1897
Philistine,Chap-Book,1895
Philosopher,Chap-Book,1897
Philosopher,Chap-Book,1897
Philosopher,Chap-Book,1897
Phyllida,Chap-Book,1897
PJdeR,Chap-Book,1896
PJdeR,Chap-Book,1896
PJdeR,Chap-Book,1896
QuartierLatin,Chap-Book,1896
QuartierLatin,Chap-Book,1897
QuartierLatin,Chap-Book,1897
QuartierLatin,Chap-Book,1897
Symposium,Chap-Book,1896
Wave,Chap-Book,1896
Wave,Chap-Book,1896
Wave,Chap-Book,1896
Wave,Chap-Book,1896
Wave,Chap-Book,1896
Wave,Chap-Book,1896
Wave,Chap-Book,1896
Wave,Chap-Book,1896
Wave,Chap-Book,1896
Wave,Chap-Book,1896
Wave,Chap-Book,1896
Wave,Chap-Book,1896
Wave,ChapmansMagazine,1896
John-a-Dreams,Chapters,1897
John-a-Dreams,Chapters,1897
John-a-Dreams,Chapters,1897
John-a-Dreams,Chapters,1897
Echo,Chic,1896
Lotus,ChicagoEcho,1895
Lotus,ChicagoFigaro,1895
QuartierLatin,ChicagoInter-Ocean,1896
Lotus,ChicagoJournal,1896
Footlights,ChicagoPost,1896
Philistine,ChicagoPost,1896
Philistine,ChicagoTimesHerald,1896
Lotus,ChicagoTribune,1896
BradleyHisBook,ChildWorld,1897
BradleyHisBook,ChildWorld,1897
Bauble,Chips,1895
Bibelot,Chips,1895
Chap-Book,Chips,1895
Chap-Book,Chips,1895
FlyLeaf,Chips,1896
Lotus,Chips,1895
Lotus,Chips,1895
Lotus,Chips,1895
Lotus,Chips,1895
Lotus,Chips,1895
Lotus,Chips,1895
Lotus,Chips,1895
Lotus,Chips,1895
Lotus,Chips,1895
Lotus,Chips,1896
Lotus,Chips,1896
Lotus,Chips,1896
Lotus,Chips,1896
Lotus,Chips,1896
Philistine,Chips,1895
PJdeR,Chips,1896
Lotus,ChipsFromLiteraryWorkshops,1895
Philistine,ChristianHerald,1897
Wave,Chronicle,1896
Echo,ClackBook,1896
Echo,ClackBook,1897
Philistine,ClackBook,1897
Philosopher,ClackBook,1897
BradleyHisBook,Clips,1896
BradleyHisBook,Clips,1896
Footlights,Clips,1896
Footlights,Commonwealth,1896
Philistine,Commonwealth,1896
Philistine,Commonwealth,1896
John-a-Dreams,CompleteEditorialWriter,1897
PJdeR,Congregationalist,1896
Bibelot,Conservator,1896
Bibelot,Conservator,1896
FlyLeaf,Conservator,1895
QuartierLatin,CorkExaminer,1897
BradleyHisBook,Cosmopolitan,1896
Chap-Book,Cosmopolitan,1896
Chap-Book,Cosmopolitan,1896
Chap-Book,Cosmopolitan,1897
Chap-Book,Cosmopolitan,1897
Chap-Book,Cosmopolitan,1897
Chap-Book,Cosmopolitan,1897
Chap-Book,Cosmopolitan,1897
Lotus,Cosmopolitan,1896
Lotus,Cosmopolitan,1896
Philistine,Cosmopolitan,1896
QuartierLatin,Cosmopolitan,1897
Wave,Cosmopolitan,1896
Wave,Cosmopolitan,1896
Wave,Cosmopolitan,1896
Wave,Cosmopolitan,1896
Wave,Cosmopolitan,1896
Echo,Courier,1896
Lotus,Criterion,1896
Philosopher,Criterion,1897
Bibelot,Critic,1897
Chap-Book,Critic,1896
Chap-Book,Critic,1896
Chap-Book,Critic,1896
Chap-Book,Critic,1896
Chap-Book,Critic,1897
Footlights,Critic,1896
John-a-Dreams,Critic,1896
John-a-Dreams,Critic,1896
John-a-Dreams,Critic,1897
John-a-Dreams,Critic,1897
John-a-Dreams,Critic,1897
Symposium,Critic,1896
Footlights,CurrentLiterature,1896
Lotus,CurrentLiterature,1896
Chap-Book,DailyChronicle,1897
Lotus,DailyChronicle,1896
MlleNY,DailyChronicle,1895
QuartierLatin,DailyMail,1897
Chap-Book,DerNuvanStrak,1895
Footlights,DesMoinesReview,1896
Footlights,DesMoinesReview,1896
BradleyHisBook,Dial,1897
Chap-Book,Dial,1896
Chap-Book,Dial,1896
Chap-Book,Dial,1897
Chap-Book,Dial,1897
Chap-Book,Dial,1897
Philistine,Dial,1897
Lark,DimeNovel,1895
Chap-Book,DowninDixie,1897
BradleyHisBook,DryGoodsEconomist,1896
QuartierLatin,EastAnglianTimes,1897
Bauble,Echo,1895
Bibelot,Echo,1896
Bibelot,Echo,1896
Chap-Book,Echo,1895
Chap-Book,Echo,1895
ClackBook,Echo,1896
ClackBook,Echo,1896
ClackBook,Echo,1896
ClackBook,Echo,1896
ClackBook,Echo,1896
ClackBook,Echo,1896
Criterion,Echo,1897
FlyLeaf,Echo,1895
FlyLeaf,Echo,1895
FlyLeaf,Echo,1896
FlyLeaf,Echo,1896
Footlights,Echo,1896
Lark,Echo,1896
Lotus,Echo,1895
Lotus,Echo,1895
Lotus,Echo,1895
Lotus,Echo,1895
Lotus,Echo,1895
Lotus,Echo,1895
Lotus,Echo,1895
Lotus,Echo,1895
Lotus,Echo,1895
Lotus,Echo,1895
Lotus,Echo,1895
Lotus,Echo,1895
Lotus,Echo,1895
Lotus,Echo,1896
Lotus,Echo,1896
Lotus,Echo,1896
Lotus,Echo,1896
Lotus,Echo,1896
Lotus,Echo,1896
Lotus,Echo,1896
Lotus,Echo,1896
Lotus,Echo,1896
Lotus,Echo,1896
Lotus,Echo,1896
Lotus,Echo,1896
Philistine,Echo,1895
Philistine,Echo,1895
Philistine,Echo,1896
PJdeR,Echo,1896
PJdeR,Echo,1896
PJdeR,Echo,1896
Wave,Echo,1896
Whims,Echo,1896
Whims,Echo,1896
Whims,Echo,1896
Chap-Book,Editor,1897
Chap-Book,Editor,1897
Lark,Ego,1896
QuartierLatin,EnglishandAmericanGazette,1896
Wave,EnglishIllustratedMagazine,1896
Lark,Epilark,1896
Chap-Book,EveningPost,1897
Chap-Book,EveningPost,1897
Vogue,EveningPost,1895
Footlights,EveningTelegraph,1896
Philistine,EveryMonth,1897
Echo,Examiner,1895
Echo,Examiner,1896
FlyLeaf,Examiner,1895
Chap-Book,Expositor,1897
Philistine,Fad,1896
BradleyHisBook,Figaro,1896
Chips,Figaro,1895
Echo,Figaro,1896
QuartierLatin,Figaro,1897
QuartierLatin,Figaro,1897
Wave,Figaro,1896
Wave,Figaro,1896
Wave,Figaro,1896
Wave,Figaro,1896
Philistine,Fliegende Blaetter,1895
Bibelot,FlyLeaf,1896
Bibelot,FlyLeaf,1896
Bibelot,FlyLeaf,1896
Bibelot,FlyLeaf,1896
Lotus,FlyLeaf,1895
Lotus,FlyLeaf,1895
Lotus,FlyLeaf,1896
Lotus,FlyLeaf,1896
Lotus,FlyLeaf,1896
Lotus,FlyLeaf,1896
Lotus,FlyLeaf,1896
Lotus,FlyLeaf,1896
Philistine,FlyLeaf,1896
Philosopher,FlyLeaf,1897
PJdeR,FlyLeaf,1896
PJdeR,FlyLeaf,1896
Wave,FlyLeaf,1896
Wave,FlyLeaf,1896
Wave,FlyLeaf,1896
Bauble,Footlights,1895
Chips,Footlights,1896
Echo,Footlights,1896
FlyLeaf,Footlights,1895
FlyLeaf,Footlights,1895
FlyLeaf,Footlights,1895
FlyLeaf,Footlights,1896
Lotus,Footlights,1895
Lotus,Footlights,1896
Lotus,Footlights,1896
Lotus,Footlights,1896
Lotus,Footlights,1896
Lotus,Footlights,1896
Lotus,Footlights,1896
Philistine,Footlights,1895
Philistine,Footlights,1895
Philistine,Footlights,1895
Philistine,Footlights,1896
Philistine,Footlights,1896
Whims,Footlights,1896
Whims,Footlights,1896
Whims,Footlights,1896
Whims,Footlights,1896
Philistine,Form,1895
Chap-Book,Forum,1896
Philistine,Forum,1895
Philistine,Forum,1895
Philistine,Forum,1896
Philistine,Forum,1896
Wave,FreakMagazine,1896
QuartierLatin,FrenchandEnglishGazette,1897
BradleyHisBook,GarlandMagazine,1896
Philistine,GentlemansMagazine,1896
Philistine,Germ,1897
Philistine,GilBlas,1895
Chap-Book,Globe,1897
Philistine,GlobeReview,1897
Philistine,Godeys,1895
Wave,GodeysMagazine,1896
Lotus,Godneys,1896
Echo,Graphic,1897
QuartierLatin,HampshireAdvertiser,1897
BradleyHisBook,Harpers,1896
BradleyHisBook,Harpers,1896
BradleyHisBook,Harpers,1896
BradleyHisBook,Harpers,1896
BradleyHisBook,Harpers,1897
BradleyHisBook,Harpers,1897
Chap-Book,Harpers,1896
Chap-Book,Harpers,1897
Chap-Book,Harpers,1897
Chap-Book,Harpers,1897
Chap-Book,Harpers,1897
Chips,Harpers,1895
ClackBook,Harpers,1896
Criterion,Harpers,1897
Echo,Harpers,1897
John-a-Dreams,Harpers,1896
John-a-Dreams,Harpers,1896
Lotus,Harpers,1895
Lotus,Harpers,1895
Lotus,Harpers,1895
Lotus,Harpers,1896
Lotus,Harpers,1896
Lotus,Harpers,1896
Lotus,Harpers,1896
Lotus,Harpers,1896
Lotus,Harpers,1896
Lotus,Harpers,1896
Philistine,Harpers,1895
Philistine,Harpers,1895
Philistine,Harpers,1895
Philistine,Harpers,1896
Philistine,Harpers,1896
Philistine,Harpers,1896
Philistine,Harpers,1896
Philistine,Harpers,1896
QuartierLatin,Harpers,1896
Symposium,Harpers,1896
Symposium,Harpers,1896
Vogue,Harpers,1895
Vogue,Harpers,1895
Wave,Harpers,1896
Wave,Harpers,1896
Wave,Harpers,1896
Wave,Harpers,1896
Wave,Harpers,1896
Wave,Harpers,1896
Whims,Harpers,1896
Lotus,Harpers ,1895
Symposium,HarpersBazar,1896
Vogue,HarpersBazar,1895
BradleyHisBook,HarpersWeekly,1897
Chap-Book,HarpersWeekly,1897
FlyLeaf,HarpersWeekly,1896
Footlights,HarpersWeekly,1896
Lotus,HarpersWeekly,1895
Lotus,HarpersWeekly,1896
Philistine,HarpersWeekly,1895
Philistine,HarpersWeekly,1896
Symposium,HarpersWeekly,1896
Vogue,HarpersWeekly,1895
Wave,HarpersWeekly,1896
Wave,HarpersWeekly,1896
Wave,HarpersWeekly,1896
Footlights,HartfordPost,1896
PJdeR,HarvardLampoon,1896
QuartierLatin,HearthandHome,1897
Footlights,Herald,1896
Chap-Book,HobbyHorse,1895
Whims,HomeandCountry,1896
Whims,HomeandCountry,1896
Chap-Book,HomeBeautiful,1897
Echo,Hour,1895
Echo,Hour,1895
YellowBook,Hour,1895
YellowBook,Hour,1895
YellowBook,Hour,1895
Chap-Book,HouseBeautiful,1897
Chap-Book,Household,1897
Lark,Idiot,1896
Echo,Idler,1896
Wave,IllustratedNews,1896
Wave,IllustratedNews,1896
Footlights,IllustratedNewsLouisville,1896
Chap-Book,InlandPrinter,1895
Echo,InlandPrinter,1895
Echo,InlandPrinter,1896
Echo,InlandPrinter,1896
Footlights,Inquirer,1896
Echo,Inter-Ocean,1897
Echo,InternationalMagazine,1896
Bibelot,InternationalStudio,1897
BradleyHisBook,InternationalStudio,1897
Footlights,InterOcean,1896
Footlights,InterOcean,1896
Bauble,John-a-Dreams,1897
Echo,JournalAmusant,1895
QuartierLatin,JournaldesArtistes,1897
Wave,JournaldesDebats,1896
Bibelot,JournalofKobeleth,1896
Philistine,Judge,1895
Philistine,Judge,1897
Philistine,KateFieldsWashington,1895
Bauble,Kit-Kat,1897
Lark,KoboldLiterature,1895
QuartierLatin,L'ArtetlaMode,1897
QuartierLatin,L'EuropeArtiste,1896
Philistine,La Rire,1895
QuartierLatin,LabourLeader,1896
Echo,LaCaricature,1895
Echo,LaCaricature,1895
Echo,LaCritique,1897
Bauble,LadiesEverySaturday,1895
Chips,LadiesFarmJournal,1895
Bauble,LadiesHomeJournal,1895
Bauble,LadiesHomeJournal,1895
Bauble,LadiesHomeJournal,1897
Chap-Book,LadiesHomeJournal,1895
Chap-Book,LadiesHomeJournal,1896
Chap-Book,LadiesHomeJournal,1897
Chap-Book,LadiesHomeJournal,1897
Chap-Book,LadiesHomeJournal,1897
Chap-Book,LadiesHomeJournal,1897
Chap-Book,LadiesHomeJournal,1897
Chap-Book,LadiesHomeJournal,1897
FlyLeaf,LadiesHomeJournal,1895
John-a-Dreams,LadiesHomeJournal,1896
Lotus,LadiesHomeJournal,1895
Lotus,LadiesHomeJournal,1895
Lotus,LadiesHomeJournal,1896
Lotus,LadiesHomeJournal,1896
Lotus,LadiesHomeJournal,1896
Philistine,LadiesHomeJournal,1895
Philistine,LadiesHomeJournal,1895
Philistine,LadiesHomeJournal,1895
Philistine,LadiesHomeJournal,1895
Philistine,LadiesHomeJournal,1896
Philistine,LadiesHomeJournal,1896
Philistine,LadiesHomeJournal,1896
Philistine,LadiesHomeJournal,1896
Philistine,LadiesHomeJournal,1896
Philistine,LadiesHomeJournal,1897
Philistine,LadiesHomeJournal,1897
Philistine,LadiesHomeJournal,1897
Philistine,LadiesHomeJournal,1897
Philistine,LadiesHomeJournal,1897
Phyllida,LadiesHomeJournal,1897
Symposium,LadiesHomeJournal,1896
Vogue,LadiesHomeJournal,1895
Wave,LadiesHomeJournal,1896
Wave,LadiesHomeJournal,1896
Wave,LadiesHomeJournal,1896
Wave,LadiesHomeJournal,1896
Wave,LadiesHomeJournal,1896
Wave,LadiesHomeJournal,1896
Wave,LadiesHomeJournal,1896
Wave,LadiesHomeJournal,1896
Wave,LadiesHomeJournal,1896
Chap-Book,LaJeuneBelgique,1895
Chap-Book,LaLanterne,1897
Echo,LandofSunshine,1896
Echo,LandofSunshine,1896
Echo,LandofSunshine,1897
FlyLeaf,LandofSunshine,1895
Philistine,LandofSunshine,1895
Chap-Book,LaPlume,1895
Chap-Book,LaPlume,1896
Chap-Book,LaPlume,1896
Chap-Book,LaRevueBlanche,1895
Chap-Book,LaRevueBlanche,1897
Criterion,LaRevueBlanche,1897
Echo,LaRevueBlanche,1897
MlleNY,LaRevueBlanche,1895
Chap-Book,LaRevueJaune,1895
Lark,LaRevueJaune,1896
Anti-Philistine,Lark,1897
Bauble,Lark,1895
Bauble,Lark,1897
Bauble,Lark,1897
Chap-Book,Lark,1895
Chap-Book,Lark,1895
Chap-Book,Lark,1896
Chap-Book,Lark,1896
Chap-Book,Lark,1896
Chap-Book,Lark,1897
Chap-Book,Lark,1897
Chips,Lark,1895
Chips,Lark,1895
ClackBook,Lark,1896
ClackBook,Lark,1897
Echo,Lark,1896
Echo,Lark,1896
Echo,Lark,1896
Echo,Lark,1896
FlyLeaf,Lark,1895
FlyLeaf,Lark,1896
John-a-Dreams,Lark,1897
Lotus,Lark,1895
Lotus,Lark,1895
Lotus,Lark,1895
Lotus,Lark,1895
Lotus,Lark,1895
Lotus,Lark,1895
Lotus,Lark,1895
Lotus,Lark,1895
Lotus,Lark,1895
Lotus,Lark,1895
Lotus,Lark,1895
Lotus,Lark,1896
Lotus,Lark,1896
Lotus,Lark,1896
Lotus,Lark,1896
Lotus,Lark,1896
Philistine,Lark,1895
Philistine,Lark,1895
Philistine,Lark,1897
Philistine,Lark,1897
Philosopher,Lark,1897
Phyllida,Lark,1897
PJdeR,Lark,1896
PJdeR,Lark,1896
PJdeR,Lark,1896
PJdeR,Lark,1896
QuartierLatin,Lark,1896
Wave,Lark,1896
Wave,Lark,1896
Wave,Lark,1896
Wave,Lark,1896
Wave,Lark,1896
Wave,Lark,1896
Wave,Lark,1896
Lark,LArkitectureModerne,1895
Chap-Book,lAube,1896
Echo,LaVieParisienne,1895
QuartierLatin,LaVieParisienne,1897
Bauble,LeChatNoir,1895
Footlights,Ledger,1896
Chap-Book,LeMercuredeFrance,1895
Chap-Book,LEnfantTerrible,1897
Criterion,LEnfantTerrible,1897
Chap-Book,LErmitage,1895
QuartierLatin,LesAnnalesPolitiquesetLiteraires,1897
Philistine,Lettuce,1896
Chap-Book,Life,1897
PJdeR,Life,1896
Echo,Lika-Joko,1897
Philistine,Lippincotts,1895
Criterion,LippincottsMagazine,1897
Echo,LippincottsMagazine,1895
Lark,LippincottsMagazine,1895
Lotus,LippincottsMagazine,1895
Lotus,LippincottsMagazine,1895
Lotus,LippincottsMagazine,1895
Lotus,LippincottsMagazine,1896
Lotus,LippincottsMagazine,1896
Wave,LippincottsMagazine,1896
Philistine,LiteraryDigest,1895
Chap-Book,LiteraryJournal,1897
Chap-Book,LiteraryReview,1897
QuartierLatin,LiteraryReview,1897
QuartierLatin,LiteraryReview,1897
Anti-Philistine,LiteraryWorld,1897
Chap-Book,LiteraryWorld,1895
Chap-Book,LiteraryWorld,1897
Chips,LiteraryWorld,1895
FlyLeaf,LiteraryWorld,1895
FlyLeaf,LiteraryWorld,1896
Bibelot,LittleJourneys,1895
Chap-Book,LittleJourneys,1895
Philistine,LittleJourneys,1895
Philistine,LittleJourneys,1895
Philistine,LittleJourneys,1895
Philistine,LittleJourneys,1896
Philistine,LittleJourneys,1896
Bibelot,LivingAge,1897
Philistine,LondonAtheneum,1895
Philistine,LondonAtheneum,1896
Chap-Book,LondonChronicle,1897
Philistine,LondonEcho,1896
Footlights,LondonFigaro,1896
QuartierLatin,LondonLiteraryWorld,1896
Vogue,LondonQueen,1895
QuartierLatin,LondonStar,1897
QuartierLatin,LondonStationeryTrades'Journal,1896
Footlights,LondonWorld,1896
Philistine,Lotos,1896
Philistine,Lotos,1896
Bauble,Lotus,1897
Bibelot,Lotus,1896
Bibelot,Lotus,1896
Bibelot,Lotus,1896
Chap-Book,Lotus,1895
ClackBook,Lotus,1896
Echo,Lotus,1896
Echo,Lotus,1897
FlyLeaf,Lotus,1896
Footlights,Lotus,1896
Footlights,Lotus,1896
Footlights,Lotus,1896
Footlights,Lotus,1896
Footlights,Lotus,1896
Footlights,Lotus,1896
Footlights,Lotus,1896
Footlights,Lotus,1896
Footlights,Lotus,1896
John-a-Dreams,Lotus,1896
Philistine,Lotus,1896
Philistine,Lotus,1896
Philosopher,Lotus,1897
PJdeR,Lotus,1896
QuartierLatin,Lotus,1896
John-a-Dreams,Lounger,1897
Bauble,Magpie,1897
John-a-Dreams,Magpie,1896
John-a-Dreams,Magpie,1897
Philistine,Magpie,1897
QuartierLatin,ManchesterCourier,1897
Chap-Book,McClures,1897
ClackBook,McClures,1896
Criterion,McClures,1897
Philistine,McClures,1895
Philistine,McClures,1895
Philistine,McClures,1895
Philistine,McClures,1895
Philistine,McClures,1895
Philistine,McClures,1896
Symposium,McClures,1896
Wave,McClures,1896
Wave,McClures,1896
Wave,McClures,1896
Whims,McClures,1896
Whims,McClures,1896
QuartierLatin,McCluresMagazine,1897
QuartierLatin,MedicalCourier,1897
Chips,MetaphysicalMagazine,1896
Chips,MetaphysicalMagazine,1896
John-a-Dreams,Milkmaid,1897
Lark,Milkmaid,1896
Lark,Milkmaid,1896
Lark,Milkmaid,1896
Lark,Milkmaid,1896
Lark,Milkmaid,1896
Lark,Milkmaid,1896
BradleyHisBook,MinneapolisTribune,1896
Whims,MissBlueStocking,1896
Philistine,MlleNewYork,1895
Philistine,MlleNewYork,1895
Chap-Book,MlleNY,1895
Chap-Book,MlleNY,1896
FlyLeaf,MlleNY,1896
Lotus,MlleNY,1895
Lotus,MlleNY,1895
Lotus,MlleNY,1895
Lotus,MlleNY,1895
Lotus,MlleNY,1895
Lotus,MlleNY,1895
Lotus,MlleNY,1895
Lotus,MlleNY,1895
Lotus,MlleNY,1895
Lotus,MlleNY,1895
Lotus,MlleNY,1896
Lotus,MlleNY,1896
Lotus,MlleNY,1896
Lotus,MlleNY,1896
Lotus,MlleNY,1896
PJdeR,MlleNY,1896
PJdeR,MlleNY,1896
Whims,MlleNY,1896
Bibelot,ModernArt,1896
Bibelot,ModernArt,1896
BradleyHisBook,ModernArt,1896
BradleyHisBook,ModernArt,1896
Echo,ModernArt,1896
Echo,ModernArt,1897
Footlights,ModernArt,1896
Footlights,ModernArt,1896
Footlights,ModernArt,1896
Footlights,ModernArt,1896
Footlights,ModernArt,1896
Footlights,ModernArt,1896
Footlights,ModernArt,1896
Footlights,ModernArt,1896
Philistine,ModernArt,1895
Philistine,ModernArt,1895
Philistine,ModernArt,1896
Philistine,ModernArt,1896
Lark,ModernLarkitecture,1895
Whims,MonthlyIllustrator,1896
Whims,MonthlyIllustrator,1896
Bauble,MonthlyVisitor,1897
Bauble,Moods,1895
Bibelot,Moods,1895
Bibelot,Moods,1895
Chap-Book,Moods,1895
Philistine,Moods,1895
YellowBook,MorningGazette,1895
YellowBook,MorningGazette,1895
YellowBook,MorningGazette,1895
Lotus,Munsey,1896
Chap-Book,Munseys,1896
Chap-Book,Munseys,1896
Chap-Book,Munseys,1897
Chap-Book,Munseys,1897
Criterion,Munseys,1897
Criterion,Munseys,1897
Echo,Munseys,1896
Footlights,Munseys,1896
Philistine,Munseys,1895
Philistine,Munseys,1895
Philistine,Munseys,1896
Philistine,Munseys,1896
Philistine,Munseys,1896
Symposium,Munseys,1896
Whims,Munseys,1896
Whims,Munseys,1896
Chap-Book,Musen-Almanach,1895
Footlights,MusicalAge,1896
Criterion,MusicalRecord,1897
Footlights,MusicalRecord,1896
Chap-Book,Nation,1896
QuartierLatin,Nation,1897
Chap-Book,NationalObserver,1897
Echo,NationalObserver,1896
Lotus,New England,1896
Bauble,NewBohemian,1895
Bauble,NewBohemian,1895
Bauble,NewBohemian,1895
Bauble,NewBohemian,1897
Echo,NewBohemian,1896
Echo,NewBohemian,1896
FlyLeaf,NewBohemian,1896
Lotus,NewBohemian,1895
Philistine,NewBohemian,1896
Echo,NewBudget,1895
Echo,NewBudget,1895
Echo,NewBudget,1895
Echo,NewBudget,1897
Philistine,NewCycle,1895
Chap-Book,NewEvergreen,1895
QuartierLatin,NewOrleansDailyStates,1896
QuartierLatin,NewOrleansPicayune,1897
QuartierLatin,NewOrleansStates,1897
QuartierLatin,NewOrleansTimesDemocrat,1897
QuartierLatin,NewOrleansTimesDemocrat,1897
Chap-Book,NewReview,1895
Criterion,NewReview,1897
PJdeR,NewReview,1896
PJdeR,NewReview,1896
Footlights,NewYorkAdvertiser,1896
John-a-Dreams,NewYorkCritic,1897
Footlights,NewYorkDemocraticMirror,1896
Chap-Book,NewYorkHerald,1897
Chap-Book,NewYorkHerald,1897
QuartierLatin,NewYorkHerald,1897
QuartierLatin,NewYorkHerald,1897
QuartierLatin,NewYorkHerald,1897
Bauble,NewYorkJournal,1897
Chap-Book,NewYorkJournal,1897
Chap-Book,NewYorkJournal,1897
ClackBook,NewYorkJournal,1897
Footlights,NewYorkJournal,1896
John-a-Dreams,NewYorkJournal,1896
Philistine,NewYorkJournal,1896
Philistine,NewYorkJournal,1897
BradleyHisBook,NewYorkLedger,1896
Footlights,NewYorkPress,1896
BradleyHisBook,NewYorkSun,1896
Chap-Book,NewYorkSun,1897
Chap-Book,NewYorkSun,1897
Philistine,NewYorkSun,1896
Philistine,NewYorkSun,1897
Vogue,NewYorkSun,1895
Chap-Book,NewYorkTimes,1897
Lark,NewYorkTimes,1895
Lark,NewYorkTimes,1895
Bibelot,NewYorkTribune,1896
Bibelot,NewYorkTribune,1896
Lark,NewYorkTribune,1895
Philistine,NewYorkTribune,1895
Philistine,NewYorkTribune,1896
Philistine,NewYorkTribune,1896
BradleyHisBook,NewYorkWorld,1896
Chips,NewYorkWorld,1895
Lark,NewYorkWorld,1895
Philistine,NewYorkWorld,1896
QuartierLatin,NewYorkWorld,1896
QuartierLatin,NewYorkWorld,1896
QuartierLatin,NewYorkWorld,1897
QuartierLatin,NewYorkWorld,1897
Lark,Nightingale,1895
Lark,Nightingale,1896
Lark,Nightingale,1896
Echo,NineteenHundred,1896
Chap-Book,NorthAmericanReview,1896
Chap-Book,NorthAmericanReview,1897
Chap-Book,NorthAmericanReview,1897
Chap-Book,Olio,1895
PJdeR,Olio,1896
Bibelot,Outlook,1896
Bibelot,Outlook,1896
Bibelot,Outlook,1896
Bibelot,Outlook,1896
Bibelot,Outlook,1896
Footlights,Outlook,1896
Lotus,Outlook,1896
Philistine,Outlook,1897
Philistine,Outlook!,1896
Anti-Philistine,OverlandMonthly,1897
Lark,OverlandMonthly,1895
Lotus,OverlandMonthly,1896
Philistine,OverlandMonthly,1895
Wave,OverlandMonthly,1896
Wave,Pageant,1896
Chap-Book,PallMallBudget,1897
Echo,PallMallBudget,1895
Echo,PallMallBudget,1895
Echo,PallMallBudget,1895
Echo,PallMallBudget,1895
Lotus,PallMallBudget,1896
Wave,PallMallBudget,1896
Chap-Book,PallMallGazette,1897
Lotus,PallMallGazette,1896
Philistine,PallMallGazette,1895
Philistine,PallMallGazette,1896
Savoy,PallMallGazette,1896
Savoy,PallMallGazette,1896
Wave,PallMallGazette,1896
Wave,PallMallGazette,1896
Wave,PallMallGazette,1896
YellowBook,PallMallGazette,1895
YellowBook,PallMallGazette,1896
YellowBook,PallMallGazette,1896
Anti-Philistine,PallMallMagazine,1897
Chap-Book,PallMallMagazine,1897
Chap-Book,PallMallMagazine,1897
FlyLeaf,PallMallMagazine,1895
Footlights,PallMallMagazine,1896
Lotus,PallMallMagazine,1895
Lotus,PallMallMagazine,1895
Lotus,PallMallMagazine,1896
Lotus,PallMallMagazine,1896
Lotus,PallMallMagazine,1896
Lotus,PallMallMagazine,1896
QuartierLatin,PallMallMagazine,1897
Wave,PallMallMagazine,1896
Criterion,Pan,1897
John-a-Dreams,Pan,1896
MlleNY,Pan,1895
Philistine,Paragraphs,1896
Philistine,Paragraphs,1896
Lotus,ParisFigaro,1895
QuartierLatin,Parisian,1896
YellowBook,Parthenon,1895
Lotus,PassingShow,1895
Chap-Book,Pennfield,1896
Chap-Book,PennyMagazine,1896
Lotus,PennyMagazine,1896
Lotus,PennyMagazine,1896
Whims,PennyMagazine,1896
Philistine,Petersons,1897
QuartierLatin,PetitJournal,1897
Footlights,PhiladelphiaCall,1896
QuartierLatin,PhiladelphiaInquirer,1897
Footlights,PhiladelphiaLedger,1896
Bauble,Philistine,1895
Bauble,Philistine,1895
Bauble,Philistine,1895
Bauble,Philistine,1895
Bibelot,Philistine,1895
Bibelot,Philistine,1895
Bibelot,Philistine,1896
Bibelot,Philistine,1896
BradleyHisBook,Philistine,1896
Chap-Book,Philistine,1895
Chap-Book,Philistine,1895
Chap-Book,Philistine,1896
Chap-Book,Philistine,1897
Chips,Philistine,1895
Chips,Philistine,1895
ClackBook,Philistine,1896
ClackBook,Philistine,1896
Echo,Philistine,1896
Echo,Philistine,1896
Echo,Philistine,1896
Echo,Philistine,1896
Echo,Philistine,1897
FlyLeaf,Philistine,1895
FlyLeaf,Philistine,1896
FlyLeaf,Philistine,1896
Footlights,Philistine,1896
Footlights,Philistine,1896
Footlights,Philistine,1896
John-a-Dreams,Philistine,1896
John-a-Dreams,Philistine,1897
Lark,Philistine,1896
Lark,Philistine,1896
Lotus,Philistine,1895
Lotus,Philistine,1895
Lotus,Philistine,1895
Lotus,Philistine,1895
Lotus,Philistine,1895
Lotus,Philistine,1895
Lotus,Philistine,1895
Lotus,Philistine,1895
Lotus,Philistine,1895
Lotus,Philistine,1895
Lotus,Philistine,1895
Lotus,Philistine,1895
Lotus,Philistine,1895
Lotus,Philistine,1895
Lotus,Philistine,1895
Lotus,Philistine,1895
Lotus,Philistine,1896
Lotus,Philistine,1896
Lotus,Philistine,1896
Lotus,Philistine,1896
Lotus,Philistine,1896
Lotus,Philistine,1896
Lotus,Philistine,1896
Lotus,Philistine,1896
Lotus,Philistine,1896
Lotus,Philistine,1896
Lotus,Philistine,1896
Lotus,Philistine,1896
Lotus,Philistine,1896
Philosopher,Philistine,1897
PJdeR,Philistine,1896
PJdeR,Philistine,1896
PJdeR,Philistine,1896
QuartierLatin,Philistine,1896
QuartierLatin,Philistine,1897
Whims,Philistine,1896
Whims,Philistine,1896
Lark,Phyllida,1896
YellowBook,PicadillyBudget,1895
Echo,Pick-Me-Up,1895
Echo,Pick-Me-Up,1895
Echo,Pick-Me-Up,1895
Echo,Pick-Me-Up,1895
Echo,Pick-Me-Up,1895
Echo,Pick-Me-Up,1895
Echo,Pick-Me-Up,1896
Echo,Pick-Me-Up,1896
Footlights,PittsburghPress,1896
Bauble,PJdeR,1897
Echo,PJdeR,1896
Echo,PJdeR,1896
Lark,PJdeR,1895
Lark,PJdeR,1895
Lark,PJdeR,1895
Lotus,PJdeR,1895
Lotus,PJdeR,1896
Savoy,PJdeR,1896
Wave,PJdeR,1896
Wave,PJdeR,1896
Wave,PJdeR,1896
Wave,PJdeR,1896
Footlights,PlainDealer,1896
Wave,PocketMagazine,1896
Bibelot,Poet-Lore,1895
Bibelot,Poet-Lore,1895
Footlights,PoetLore,1896
MlleNY,PoliceGazette,1895
PJdeR,PolynesianMonitor,1896
PJdeR,PolynesianMonitor,1896
Philistine,PopularScienceMonthly,1895
Chap-Book,Portfolio,1895
Chap-Book,Portfolio,1896
Footlights,PortJervisGazette,1896
Lotus,PosterLore,1895
Lotus,PosterLore,1896
Lotus,PosterLore,1896
Lotus,PosterLore,1896
Philistine,PrarieDog,1896
Echo,Prattle,1895
Echo,Prattle,1895
Philistine,PrintersInk,1896
QuartierLatin,Publisher'sCircular,1897
Bauble,Puck,1895
Echo,Puck,1896
Echo,Puck,1897
Philistine,Puck,1897
Symposium,Puck,1896
Wave,Puck,1896
Wave,Puck,1896
Wave,Puck,1896
Wave,Puck,1896
Philistine,Pucks,1895
Chap-Book,Punch,1897
ClackBook,Punch,1896
ClackBook,Punch,1896
Echo,Punch,1895
Echo,Punch,1897
YellowBook,Punch,1896
Chap-Book,Puritan,1897
PJdeR,PurpleCow,1896
PJdeR,PurpleCow,1896
PJdeR,PurpleCow,1896
Anti-Philistine,QuartierLatin,1897
Wave,QuartierLatin,1896
QuartierLatin,Queen,1897
Chap-Book,Quest,1895
Chips,Recorder,1895
Echo,RedLetter,1897
Footlights,RedLetter,1896
Philistine,Reedy'sMirror,1897
Philistine,ReedysMirror,1896
Philistine,ReedysMirror,1896
Philistine,ReedysMirror,1897
Chap-Book,ReviewofReviews,1897
Lark,ReviewofReviews,1895
Symposium,ReviewofReviews,1896
Wave,ReviewofReviews,1896
Chap-Book,RevuedeParis,1896
Chap-Book,RevuedesDeuxMondes,1897
Chap-Book,RevuedesDeuxMondes,1897
Echo,RevuedesDeuxMondes,1896
QuartierLatin,RevuedesDeuxMondes,1897
Wave,RevuedesDeuxMondes,1896
Philistine,RevuedesModes,1897
Bibelot,RochesterHerald,1896
Bibelot,RochesterHerald,1896
Chap-Book,SanFranciscoClimax,1895
PJdeR,SanFranciscoClimax,1896
PJdeR,SanFranciscoClimax,1896
Chap-Book,SaturdayReview,1896
Chap-Book,SaturdayReview,1897
Chap-Book,SaturdayReview,1897
Chap-Book,SaturdayReview,1897
Chap-Book,SaturdayReview,1897
Chap-Book,SaturdayReview,1897
Chap-Book,SaturdayReview,1897
Chap-Book,SaturdayReview,1897
Chap-Book,SaturdayReview,1897
FlyLeaf,SaturdayReview,1896
Wave,SaturdayReview,1896
YellowBook,SaturdayReview,1895
YellowBook,SaturdayReview,1895
YellowBook,SaturdayReview,1895
YellowBook,SaturdayReview,1895
YellowBook,SaturdayReview,1896
Chap-Book,Savoy,1896
Chap-Book,Savoy,1897
Echo,Savoy,1895
Echo,Savoy,1896
Echo,Savoy,1896
Phyllida,Savoy,1897
Wave,Savoy,1896
Wave,Savoy,1896
Wave,Savoy,1896
Wave,Savoy,1896
Wave,Savoy,1896
Wave,Savoy,1896
Philistine,Scribners,1895
Philistine,Scribners,1895
Philistine,Scribners,1895
Philistine,Scribners,1895
Philistine,Scribners,1895
Philistine,Scribners,1895
Philistine,Scribners,1897
Bauble,ScribnersMagazine,1895
BradleyHisBook,ScribnersMagazine,1897
Chap-Book,ScribnersMagazine,1896
Chap-Book,ScribnersMagazine,1897
Chap-Book,ScribnersMagazine,1897
ClackBook,ScribnersMagazine,1896
Criterion,ScribnersMagazine,1897
Criterion,ScribnersMagazine,1897
John-a-Dreams,ScribnersMagazine,1896
John-a-Dreams,ScribnersMagazine,1897
John-a-Dreams,ScribnersMagazine,1897
John-a-Dreams,ScribnersMagazine,1897
Lotus,ScribnersMagazine,1895
Lotus,ScribnersMagazine,1896
Lotus,ScribnersMagazine,1896
Symposium,ScribnersMagazine,1896
Symposium,ScribnersMagazine,1896
Wave,ScribnersMagazine,1896
Wave,ScribnersMagazine,1896
QuartierLatin,SheffieldandRotherhamIndependent,1896
QuartierLatin,SheffieldIndependent,1897
Chap-Book,Skeptic,1897
Criterion,Sketch,1897
Bauble,StNicholas,1895
BradleyHisBook,StNicholas,1896
PJdeR,StNicholas,1896
Vogue,StNicholas,1895
Wave,StNicholas,1896
Wave,StNicholas,1896
Echo,StPauls,1895
Echo,StPauls,1895
Chap-Book,StrandMagazine,1897
QuartierLatin,Studio,1896
BradleyHisBook,Tatler,1897
Chap-Book,Tatler,1897
Lark,Tatler,1896
Phyllida,Tatler,1897
Bibelot,TheMonth,1897
Bibelot,TheMonth,1897
Chap-Book,Tips,1897
Footlights,ToledoBlade,1896
Footlights,TownTopics,1896
Footlights,Transcript,1896
Wave,Traveler,1896
Lotus,Truth,1895
Anti-Philistine,VanityFair,1897
Echo,VanityFair,1895
Echo,VanityFair,1895
Footlights,VanityFair,1896
Chap-Book,Vogue,1895
Chap-Book,Vogue,1895
Lotus,Vogue,1895
Philistine,Vogue,1895
Wave,Vogue,1896
Chap-Book,Wallonia,1895
PJdeR,WarCry,1896
Philistine,WashingtonCapital,1895
Lotus,WesternCollegeMagazine,1896
QuartierLatin,WesternDailyMercury,1896
QuartierLatin,WesternDailyMercury,1897
QuartierLatin,WestminsterBudget,1896
QuartierLatin,WestminsterBudget,1896
QuartierLatin,WestminsterBudget,1897
Vogue,WestminsterGazette,1895
QuartierLatin,What-not,1896
Philistine,Wheels,1896
Philistine,Whims,1896
John-a-Dreams,WhiteElephant,1897
Footlights,WiemarJournal,1896
Philistine,Writer,1895
Philistine,Writer,1897
Bibelot,YellowBook,1895
BradleyHisBook,YellowBook,1897
Chap-Book,YellowBook,1895
Chap-Book,YellowBook,1895
Chap-Book,YellowBook,1895
Chap-Book,YellowBook,1896
Chap-Book,YellowBook,1896
Chap-Book,YellowBook,1896
Chap-Book,YellowBook,1897
Chap-Book,YellowBook,1897
Criterion,YellowBook,1897
Echo,YellowBook,1895
Echo,YellowBook,1895
Echo,YellowBook,1895
FlyLeaf,YellowBook,1896
Lark,YellowBook,1896
Lotus,YellowBook,1895
Lotus,YellowBook,1895
Lotus,YellowBook,1895
Lotus,YellowBook,1895
Lotus,YellowBook,1895
Lotus,YellowBook,1895
Lotus,YellowBook,1895
Lotus,YellowBook,1895
Lotus,YellowBook,1895
Lotus,YellowBook,1895
Lotus,YellowBook,1896
Lotus,YellowBook,1896
Lotus,YellowBook,1896
Lotus,YellowBook,1896
Philistine,YellowBook,1896
PJdeR,YellowBook,1896
QuartierLatin,YellowBook,1897
Wave,YellowBook,1896
Wave,YellowBook,1896
Wave,YellowBook,1896
Wave,YellowBook,1896
Wave,YellowBook,1896
Wave,YellowBook,1896
Wave,YellowBook,1896
Wave,YellowBook,1896
Footlights,YellowDog,1896
Bauble,YoungLadiesMagazine,1895
Philistine,YoungLadiesMagazine,1895
Philistine,YourthsCompanion,1896
Lotus,YouthsCompanion,1896